head	head	3	0.0	0	400	4296463614891a8d498f05092cb41ed4173859764240f68f6e99da85b3942c07
head	pre	3	0.0	0	400	4296463614891a8d498f05092cb41ed4173859764240f68f6e99da85b3942c07
head	head	3	0.5	0	400	c34dd6d2dc268309c18930e148e1c379d6848df1d7a657170df722d467681d7d
head	pre	3	0.5	0	400	c34dd6d2dc268309c18930e148e1c379d6848df1d7a657170df722d467681d7d
head	head	3	1.0	0	400	a54c96c84a9fae229af18617d55f1ac89a29ebed05f79b2d343489373ef3e551
head	pre	3	1.0	0	400	a54c96c84a9fae229af18617d55f1ac89a29ebed05f79b2d343489373ef3e551
head	head	3	2.0	0	400	a54c96c84a9fae229af18617d55f1ac89a29ebed05f79b2d343489373ef3e551
head	pre	3	2.0	0	400	a54c96c84a9fae229af18617d55f1ac89a29ebed05f79b2d343489373ef3e551
head	head	3	4.0	0	400	a54c96c84a9fae229af18617d55f1ac89a29ebed05f79b2d343489373ef3e551
head	pre	3	4.0	0	400	a54c96c84a9fae229af18617d55f1ac89a29ebed05f79b2d343489373ef3e551
head	head	6	0.0	4	400	68c155f8e6b640a9ed92974c631f65fac89ccf21aec9b8fbd5aeadf458a95578
head	pre	6	0.0	0	400	0effed0766bd5359308627c65be195d1f0de40448603164c8cd006f811a89764
head	head	6	0.5	0	400	bb03e1cc94849b57fccb2dd3ef49010dfa4d35a3fe97dd4e7613e498b9bbcefe
head	pre	6	0.5	0	400	bb03e1cc94849b57fccb2dd3ef49010dfa4d35a3fe97dd4e7613e498b9bbcefe
head	head	6	1.0	0	400	b5cc7c17588610d5b1706a6809171cf1400f5c9559ca982a3e8d27f05be14728
head	pre	6	1.0	0	400	b5cc7c17588610d5b1706a6809171cf1400f5c9559ca982a3e8d27f05be14728
head	head	6	2.0	0	400	48f4c8e5a8b16c80bcf11e9295e27cafc19b88decacde41d642c547a0bbc87a3
head	pre	6	2.0	0	400	48f4c8e5a8b16c80bcf11e9295e27cafc19b88decacde41d642c547a0bbc87a3
head	head	6	4.0	0	400	48f4c8e5a8b16c80bcf11e9295e27cafc19b88decacde41d642c547a0bbc87a3
head	pre	6	4.0	0	400	48f4c8e5a8b16c80bcf11e9295e27cafc19b88decacde41d642c547a0bbc87a3
head	head	9	0.0	4	400	93ba6d72e694550ffca93ee7090497b663b7fe93ef92760a809fd41151ac040b
head	pre	9	0.0	0	400	4ebde5f8003c47c2106c49dfb9c44c07a1edeefe9651a57e77af148fa8557f1a
head	head	9	0.5	0	400	4f0793bfd62d1aa84f7b3da0812c9c7e5f5266072b29799205066d79cc8fcf34
head	pre	9	0.5	0	400	4f0793bfd62d1aa84f7b3da0812c9c7e5f5266072b29799205066d79cc8fcf34
head	head	9	1.0	0	400	4dd3d2337c0c6e809bd5224133351581e989d581f0b73fc605ed4fad84feb43c
head	pre	9	1.0	0	400	4dd3d2337c0c6e809bd5224133351581e989d581f0b73fc605ed4fad84feb43c
head	head	9	2.0	0	400	781a4f691f6c039ace9cad35d5e1c90f3ae5a05d5ce89215771b26b1d826fadf
head	pre	9	2.0	0	400	781a4f691f6c039ace9cad35d5e1c90f3ae5a05d5ce89215771b26b1d826fadf
head	head	9	4.0	0	400	781a4f691f6c039ace9cad35d5e1c90f3ae5a05d5ce89215771b26b1d826fadf
head	pre	9	4.0	0	400	781a4f691f6c039ace9cad35d5e1c90f3ae5a05d5ce89215771b26b1d826fadf
a	head	3	0.0	0	400	4296463614891a8d498f05092cb41ed4173859764240f68f6e99da85b3942c07
a	pre	3	0.0	0	400	4296463614891a8d498f05092cb41ed4173859764240f68f6e99da85b3942c07
a	head	3	0.5	0	400	c34dd6d2dc268309c18930e148e1c379d6848df1d7a657170df722d467681d7d
a	pre	3	0.5	0	400	c34dd6d2dc268309c18930e148e1c379d6848df1d7a657170df722d467681d7d
a	head	3	1.0	0	400	a54c96c84a9fae229af18617d55f1ac89a29ebed05f79b2d343489373ef3e551
a	pre	3	1.0	0	400	a54c96c84a9fae229af18617d55f1ac89a29ebed05f79b2d343489373ef3e551
a	head	3	2.0	0	400	a54c96c84a9fae229af18617d55f1ac89a29ebed05f79b2d343489373ef3e551
a	pre	3	2.0	0	400	a54c96c84a9fae229af18617d55f1ac89a29ebed05f79b2d343489373ef3e551
a	head	3	4.0	0	400	a54c96c84a9fae229af18617d55f1ac89a29ebed05f79b2d343489373ef3e551
a	pre	3	4.0	0	400	a54c96c84a9fae229af18617d55f1ac89a29ebed05f79b2d343489373ef3e551
a	head	6	0.0	0	400	0effed0766bd5359308627c65be195d1f0de40448603164c8cd006f811a89764
a	pre	6	0.0	0	400	0effed0766bd5359308627c65be195d1f0de40448603164c8cd006f811a89764
a	head	6	0.5	0	400	bb03e1cc94849b57fccb2dd3ef49010dfa4d35a3fe97dd4e7613e498b9bbcefe
a	pre	6	0.5	0	400	bb03e1cc94849b57fccb2dd3ef49010dfa4d35a3fe97dd4e7613e498b9bbcefe
a	head	6	1.0	0	400	b5cc7c17588610d5b1706a6809171cf1400f5c9559ca982a3e8d27f05be14728
a	pre	6	1.0	0	400	b5cc7c17588610d5b1706a6809171cf1400f5c9559ca982a3e8d27f05be14728
a	head	6	2.0	0	400	48f4c8e5a8b16c80bcf11e9295e27cafc19b88decacde41d642c547a0bbc87a3
a	pre	6	2.0	0	400	48f4c8e5a8b16c80bcf11e9295e27cafc19b88decacde41d642c547a0bbc87a3
a	head	6	4.0	0	400	48f4c8e5a8b16c80bcf11e9295e27cafc19b88decacde41d642c547a0bbc87a3
a	pre	6	4.0	0	400	48f4c8e5a8b16c80bcf11e9295e27cafc19b88decacde41d642c547a0bbc87a3
a	head	9	0.0	0	400	4ebde5f8003c47c2106c49dfb9c44c07a1edeefe9651a57e77af148fa8557f1a
a	pre	9	0.0	0	400	4ebde5f8003c47c2106c49dfb9c44c07a1edeefe9651a57e77af148fa8557f1a
a	head	9	0.5	0	400	4f0793bfd62d1aa84f7b3da0812c9c7e5f5266072b29799205066d79cc8fcf34
a	pre	9	0.5	0	400	4f0793bfd62d1aa84f7b3da0812c9c7e5f5266072b29799205066d79cc8fcf34
a	head	9	1.0	0	400	4dd3d2337c0c6e809bd5224133351581e989d581f0b73fc605ed4fad84feb43c
a	pre	9	1.0	0	400	4dd3d2337c0c6e809bd5224133351581e989d581f0b73fc605ed4fad84feb43c
a	head	9	2.0	0	400	781a4f691f6c039ace9cad35d5e1c90f3ae5a05d5ce89215771b26b1d826fadf
a	pre	9	2.0	0	400	781a4f691f6c039ace9cad35d5e1c90f3ae5a05d5ce89215771b26b1d826fadf
a	head	9	4.0	0	400	781a4f691f6c039ace9cad35d5e1c90f3ae5a05d5ce89215771b26b1d826fadf
a	pre	9	4.0	0	400	781a4f691f6c039ace9cad35d5e1c90f3ae5a05d5ce89215771b26b1d826fadf
asym	head	3	0.0	0	400	4296463614891a8d498f05092cb41ed4173859764240f68f6e99da85b3942c07
asym	pre	3	0.0	0	400	4296463614891a8d498f05092cb41ed4173859764240f68f6e99da85b3942c07
asym	head	3	0.5	0	400	c34dd6d2dc268309c18930e148e1c379d6848df1d7a657170df722d467681d7d
asym	pre	3	0.5	0	400	c34dd6d2dc268309c18930e148e1c379d6848df1d7a657170df722d467681d7d
asym	head	3	1.0	0	400	a54c96c84a9fae229af18617d55f1ac89a29ebed05f79b2d343489373ef3e551
asym	pre	3	1.0	0	400	a54c96c84a9fae229af18617d55f1ac89a29ebed05f79b2d343489373ef3e551
asym	head	3	2.0	0	400	a54c96c84a9fae229af18617d55f1ac89a29ebed05f79b2d343489373ef3e551
asym	pre	3	2.0	0	400	a54c96c84a9fae229af18617d55f1ac89a29ebed05f79b2d343489373ef3e551
asym	head	3	4.0	0	400	a54c96c84a9fae229af18617d55f1ac89a29ebed05f79b2d343489373ef3e551
asym	pre	3	4.0	0	400	a54c96c84a9fae229af18617d55f1ac89a29ebed05f79b2d343489373ef3e551
asym	head	6	0.0	0	400	0effed0766bd5359308627c65be195d1f0de40448603164c8cd006f811a89764
asym	pre	6	0.0	0	400	0effed0766bd5359308627c65be195d1f0de40448603164c8cd006f811a89764
asym	head	6	0.5	0	400	bb03e1cc94849b57fccb2dd3ef49010dfa4d35a3fe97dd4e7613e498b9bbcefe
asym	pre	6	0.5	0	400	bb03e1cc94849b57fccb2dd3ef49010dfa4d35a3fe97dd4e7613e498b9bbcefe
asym	head	6	1.0	0	400	b5cc7c17588610d5b1706a6809171cf1400f5c9559ca982a3e8d27f05be14728
asym	pre	6	1.0	0	400	b5cc7c17588610d5b1706a6809171cf1400f5c9559ca982a3e8d27f05be14728
asym	head	6	2.0	0	400	48f4c8e5a8b16c80bcf11e9295e27cafc19b88decacde41d642c547a0bbc87a3
asym	pre	6	2.0	0	400	48f4c8e5a8b16c80bcf11e9295e27cafc19b88decacde41d642c547a0bbc87a3
asym	head	6	4.0	0	400	48f4c8e5a8b16c80bcf11e9295e27cafc19b88decacde41d642c547a0bbc87a3
asym	pre	6	4.0	0	400	48f4c8e5a8b16c80bcf11e9295e27cafc19b88decacde41d642c547a0bbc87a3
asym	head	9	0.0	0	400	4ebde5f8003c47c2106c49dfb9c44c07a1edeefe9651a57e77af148fa8557f1a
asym	pre	9	0.0	0	400	4ebde5f8003c47c2106c49dfb9c44c07a1edeefe9651a57e77af148fa8557f1a
asym	head	9	0.5	0	400	4f0793bfd62d1aa84f7b3da0812c9c7e5f5266072b29799205066d79cc8fcf34
asym	pre	9	0.5	0	400	4f0793bfd62d1aa84f7b3da0812c9c7e5f5266072b29799205066d79cc8fcf34
asym	head	9	1.0	0	400	4dd3d2337c0c6e809bd5224133351581e989d581f0b73fc605ed4fad84feb43c
asym	pre	9	1.0	0	400	4dd3d2337c0c6e809bd5224133351581e989d581f0b73fc605ed4fad84feb43c
asym	head	9	2.0	0	400	781a4f691f6c039ace9cad35d5e1c90f3ae5a05d5ce89215771b26b1d826fadf
asym	pre	9	2.0	0	400	781a4f691f6c039ace9cad35d5e1c90f3ae5a05d5ce89215771b26b1d826fadf
asym	head	9	4.0	0	400	781a4f691f6c039ace9cad35d5e1c90f3ae5a05d5ce89215771b26b1d826fadf
asym	pre	9	4.0	0	400	781a4f691f6c039ace9cad35d5e1c90f3ae5a05d5ce89215771b26b1d826fadf
